c_oficina,d_CP,c_cve_ciudad
1001,1001,1
1131,1131,1
1401,1401,1
2011,2011,2
2431,2431,2
2601,2601,2
3001,3001,3
3501,3501,3
3501,3501,4
3901,3901,3
4331,4331,4
4831,4831,4
5501,5501,5
6002,6002,6
6401,6401,6
7001,7001,7
7051,7051,7
7201,7201,7
7311,7311,7
7501,7501,7
7501,7501,10
7981,7981,7
8231,8231,8
9081,9081,9
9181,9181,9
9201,9201,9
9291,9291,9
9511,9511,9
9821,9821,9
10021,10021,10
10101,10101,10
10581,10581,10
10581,10581,
10701,10701,10
10901,10901,10
11411,11411,11
11591,11591,11
11801,11801,11
11801,11801,6
12001,12001,12
13011,13011,13
13221,13221,13
13611,13611,12
13611,13611,13
14091,14091,14
14201,14201,14
14391,14391,4
14391,14391,14
15001,15001,15
16001,16001,16
20001,20001,1
20001,20001,
20293,20293,1
20293,20293,
20401,20401,6
20401,20401,
20401,20401,9
20401,20401,8
20401,20401,7
20671,20671,3
20671,20671,
20671,20671,5
20801,20801,2
20801,20801,
20921,20921,
20921,20921,4
20999,20999,
21101,21101,2
21101,21101,
21105,21105,2
21401,21401,3
21401,21401,
21724,21724,
21851,21851,8
21851,21851,
21901,21901,
22001,22001,4
22101,22101,4
22701,22701,5
22701,22701,
22801,22801,
22801,22801,1
22801,22801,6
22901,22901,
22923,22923,
22935,22935,
23001,23001,2
23001,23001,
23001,23001,7
23331,23331,
23401,23401,
23401,23401,4
23452,23452,3
23502,23502,
23601,23601,
23601,23601,1
23702,23702,
23711,23711,6
23741,23741,
23881,23881,5
23881,23881,
23925,23925,8
23925,23925,
23925,23925,12
23925,23925,10
23925,23925,9
23941,23941,
23941,23941,11
24001,24001,
24001,24001,7
24003,24003,1
24003,24003,
24101,24101,2
24101,24101,
24331,24331,4
24331,24331,
24351,24351,
24351,24351,5
24401,24401,6
24401,24401,8
24401,24401,
24571,24571,
24801,24801,13
24801,24801,
24801,24801,9
24801,24801,11
24901,24901,3
24901,24901,
24901,24901,12
25001,25001,8
25001,25001,
25001,25001,23
25501,25501,19
25501,25501,
25501,25501,15
25601,25601,2
25601,25601,
25701,25701,
25701,25701,4
25871,25871,12
25871,25871,
25901,25901,16
25901,25901,
26001,26001,6
26001,26001,
26201,26201,1
26201,26201,
26341,26341,20
26341,26341,
26531,26531,17
26531,26531,
26531,26531,18
26531,26531,22
26531,26531,24
26701,26701,
26701,26701,7
26801,26801,9
26801,26801,
27001,27001,11
27001,27001,
27271,27271,11
27271,27271,
27271,27271,3
27271,27271,21
27641,27641,
27641,27641,14
27801,27801,10
27801,27801,
27901,27901,
27901,27901,13
27981,27981,5
27981,27981,
28001,28001,1
28001,28001,
28101,28101,3
28101,28101,
28201,28201,2
28201,28201,
28301,28301,5
28301,28301,
28401,28401,
28451,28451,
28501,28501,
28511,28511,
28706,28706,
28751,28751,
28861,28861,
28861,28861,2
28901,28901,
28971,28971,
28971,28971,4
29002,29002,4
29002,29002,
29041,29041,4
29041,29041,15
29052,29052,4
29052,29052,
29121,29121,
29131,29131,
29141,29141,17
29141,29141,
29161,29161,15
29161,29161,
29201,29201,2
29201,29201,
29371,29371,25
29371,29371,
29501,29501,22
29501,29501,
29521,29521,
29521,29521,19
29602,29602,
29611,29611,
29621,29621,
29731,29731,
29771,29771,
29821,29821,
29901,29901,
29931,29931,
29951,29951,
29951,29951,11
29961,29961,
29961,29961,10
29981,29981,
30001,30001,1
30001,30001,
30141,30141,
30161,30161,
30186,30186,
30186,30186,8
30201,30201,5
30201,30201,
30351,30351,
30351,30351,14
30361,30361,
30401,30401,18
30401,30401,
30401,30401,6
30451,30451,9
30451,30451,
30477,30477,
30477,30477,7
30501,30501,12
30501,30501,
30521,30521,
30531,30531,
30541,30541,21
30541,30541,
30561,30561,
30561,30561,13
30581,30581,
30591,30591,
30602,30602,
30621,30621,
30641,30641,23
30641,30641,
30652,30652,
30661,30661,
30681,30681,
30701,30701,3
30701,30701,
30831,30831,
30831,30831,20
30842,30842,
30872,30872,
30882,30882,
30891,30891,
30891,30891,16
30901,30901,24
30901,30901,
31001,31001,2
31001,31001,
31052,31052,2
31052,31052,
31102,31102,2
31132,31132,2
31501,31501,3
31501,31501,
31501,31501,14
31601,31601,10
31616,31616,
31651,31651,
31682,31682,
31692,31692,
31701,31701,7
31701,31701,
31824,31824,
31833,31833,
31892,31892,
31903,31903,
31941,31941,9
31941,31941,
31968,31968,
31971,31971,
31981,31981,
32121,32121,6
32121,32121,
32551,32551,6
32551,32551,
32657,32657,6
32657,32657,
32744,32744,
32801,32801,
32881,32881,
32881,32881,13
32911,32911,11
32911,32911,
33001,33001,4
33001,33001,
33134,33134,
33181,33181,
33204,33204,
33212,33212,
33362,33362,
33381,33381,
33434,33434,
33472,33472,
33501,33501,
33562,33562,
33581,33581,
33629,33629,15
33629,33629,
33701,33701,
33701,33701,1
33801,33801,
33801,33801,5
33921,33921,
33981,33981,
33981,33981,12
34132,34132,1
34132,34132,
34222,34222,1
34222,34222,
34271,34271,1
34271,34271,
34411,34411,
34451,34451,
34451,34451,5
34481,34481,
34481,34481,6
34581,34581,
34631,34631,
34631,34631,4
34691,34691,
34702,34702,
34761,34761,
34761,34761,7
34781,34781,
34781,34781,8
34801,34801,
34841,34841,9
34841,34841,
34891,34891,
34891,34891,10
34901,34901,
34941,34941,11
34941,34941,
34971,34971,
35001,35001,
35001,35001,2
35151,35151,3
35151,35151,
35231,35231,
35251,35251,
35507,35507,
35601,35601,
35691,35691,
35691,35691,12
35701,35701,
35741,35741,
35761,35761,
35801,35801,
36001,36001,5
36001,36001,
36101,36101,11
36101,36101,
36201,36201,14
36201,36201,
36251,36251,
36251,36251,31
36301,36301,10
36301,36301,
36301,36301,29
36301,36301,34
36501,36501,
36501,36501,6
36701,36701,9
36701,36701,
36901,36901,19
36901,36901,
36911,36911,
36961,36961,20
36961,36961,
36971,36971,24
36971,36971,
36991,36991,16
36991,36991,
37001,37001,7
37001,37001,
37161,37161,7
37161,37161,
37331,37331,7
37331,37331,
37371,37371,7
37371,37371,
37607,37607,
37636,37636,
37701,37701,2
37701,37701,
37801,37801,39
37801,37801,
37851,37851,36
37851,37851,
37901,37901,22
37901,37901,
37961,37961,38
37961,37961,
37981,37981,
37981,37981,32
38001,38001,3
38001,38001,
38151,38151,
38151,38151,25
38161,38161,28
38161,38161,
38201,38201,17
38201,38201,
38201,38201,21
38242,38242,37
38242,38242,
38261,38261,26
38261,38261,
38301,38301,4
38301,38301,
38401,38401,23
38401,38401,
38471,38471,35
38471,38471,
38501,38501,
38501,38501,33
38541,38541,12
38541,38541,
38601,38601,1
38601,38601,
38707,38707,
38791,38791,
38791,38791,15
38801,38801,8
38801,38801,
38901,38901,
38901,38901,30
38941,38941,27
38941,38941,
38962,38962,
38971,38971,13
38971,38971,
38981,38981,18
38981,38981,
39001,39001,2
39001,39001,
39121,39121,
39121,39121,39
39139,39139,
39171,39171,27
39171,39171,
39201,39201,6
39201,39201,
39276,39276,
39559,39559,1
39559,39559,
39791,39791,1
39791,39791,
39913,39913,
39943,39943,15
39943,39943,
39961,39961,29
39961,39961,
40001,40001,3
40001,40001,
40131,40131,26
40131,40131,
40161,40161,
40183,40183,19
40183,40183,
40201,40201,4
40201,40201,
40332,40332,12
40332,40332,
40401,40401,24
40401,40401,
40501,40501,5
40501,40501,
40536,40536,
40536,40536,10
40601,40601,31
40601,40601,
40637,40637,
40637,40637,13
40666,40666,11
40666,40666,
40685,40685,
40707,40707,
40707,40707,14
40738,40738,
40763,40763,
40801,40801,22
40801,40801,
40851,40851,
40851,40851,21
40891,40891,
40891,40891,41
40901,40901,25
40901,40901,
40901,40901,23
40901,40901,20
40931,40931,7
40931,40931,
40965,40965,9
40971,40971,16
40971,40971,
41001,41001,17
41001,41001,
41101,41101,33
41101,41101,
41201,41201,37
41201,41201,
41301,41301,
41301,41301,34
41351,41351,
41601,41601,
41601,41601,32
41706,41706,
41849,41849,38
41849,41849,
41871,41871,40
41871,41871,
41901,41901,30
41901,41901,
41931,41931,
41931,41931,18
41941,41941,36
41941,41941,
42001,42001,3
42001,42001,
42091,42091,3
42091,42091,
42131,42131,
42202,42202,
42281,42281,
42301,42301,12
42301,42301,
42331,42331,7
42331,42331,
42401,42401,
42501,42501,1
42501,42501,
42701,42701,
42731,42731,
42781,42781,
42801,42801,5
42801,42801,
42841,42841,14
42851,42851,13
42851,42851,
42951,42951,
42951,42951,9
43007,43007,8
43007,43007,
43207,43207,
43303,43303,
43601,43601,
43601,43601,6
43601,43601,11
43741,43741,
43801,43801,10
43801,43801,
43901,43901,2
43901,43901,
43992,43992,
43992,43992,15
43992,43992,4
44101,44101,3
44241,44241,3
44291,44291,3
44308,44308,3
44381,44381,3
44534,44534,3
44534,44534,10
44721,44721,3
44731,44731,3
44761,44761,3
44921,44921,3
44943,44943,3
44981,44981,3
44981,44981,9
45011,45011,10
45011,45011,
45042,45042,3
45042,45042,10
45082,45082,10
45082,45082,
45082,45082,11
45101,45101,10
45101,45101,
45131,45131,10
45182,45182,10
45182,45182,
45202,45202,
45261,45261,
45301,45301,31
45301,45301,
45351,45351,
45401,45401,12
45401,45401,
45409,45409,12
45411,45411,12
45431,45431,
45471,45471,
45481,45481,
45501,45501,3
45501,45501,9
45591,45591,3
45591,45591,9
45603,45603,9
45603,45603,11
45603,45603,
45642,45642,
45642,45642,11
45648,45648,11
45648,45648,
45648,45648,53
45648,45648,43
45648,45648,42
45681,45681,12
45681,45681,11
45681,45681,57
45681,45681,
45701,45701,55
45701,45701,
45731,45731,38
45731,45731,
45751,45751,49
45751,45751,
45801,45801,44
45801,45801,
45851,45851,11
45851,45851,
45901,45901,46
45901,45901,47
45901,45901,
45931,45931,
45951,45951,19
45951,45951,
46171,46171,
46201,46201,50
46201,46201,
46201,46201,35
46241,46241,
46261,46261,
46401,46401,41
46401,46401,
46441,46441,
46471,46471,
46471,46471,26
46501,46501,22
46501,46501,
46561,46561,
46601,46601,1
46601,46601,
46731,46731,24
46731,46731,
46761,46761,
46771,46771,
46801,46801,
46901,46901,
47001,47001,7
47001,47001,
47121,47121,18
47121,47121,
47141,47141,30
47141,47141,
47171,47171,27
47171,47171,
47171,47171,52
47181,47181,20
47181,47181,
47181,47181,48
47201,47201,39
47201,47201,
47251,47251,51
47251,47251,
47271,47271,
47301,47301,34
47301,47301,
47341,47341,
47361,47361,
47381,47381,56
47381,47381,
47401,47401,4
47401,47401,
47541,47541,
47591,47591,15
47591,47591,
47601,47601,8
47601,47601,
47701,47701,
47721,47721,
47722,47722,
47731,47731,14
47731,47731,
47751,47751,
47751,47751,17
47801,47801,
47801,47801,5
47901,47901,33
47901,47901,
47911,47911,32
47911,47911,
47931,47931,
47951,47951,
47981,47981,
48001,48001,
48051,48051,
48101,48101,
48201,48201,21
48201,48201,
48281,48281,
48281,48281,6
48293,48293,6
48351,48351,
48351,48351,6
48402,48402,
48452,48452,
48501,48501,
48501,48501,28
48541,48541,
48701,48701,
48741,48741,29
48741,48741,
48761,48761,
48851,48851,
48901,48901,25
48901,48901,
48931,48931,58
48931,48931,
48931,48931,16
48971,48971,
48971,48971,36
48982,48982,
49001,49001,2
49001,49001,
49121,49121,
49201,49201,
49251,49251,
49301,49301,23
49331,49331,
49341,49341,
49371,49371,
49401,49401,
49441,49441,
49501,49501,
49541,49541,
49601,49601,37
49601,49601,
49651,49651,
49651,49651,54
49701,49701,
49801,49801,13
49801,49801,
49871,49871,
49901,49901,
49901,49901,45
50091,50091,20
50091,50091,
50301,50301,
50361,50361,
50401,50401,
50451,50451,
50602,50602,
50641,50641,
50701,50701,
50741,50741,
50801,50801,
50851,50851,
50901,50901,39
50901,50901,
50961,50961,
51001,51001,
51031,51031,
51111,51111,
51131,51131,
51201,51201,
51231,51231,
51301,51301,
51351,51351,
51411,51411,22
51411,51411,
51431,51431,
51441,51441,
51501,51501,24
51501,51501,
51571,51571,
51581,51581,
51601,51601,
51701,51701,
51761,51761,
51801,51801,
51901,51901,
51951,51951,
52001,52001,
52061,52061,
52061,52061,31
52081,52081,
52101,52101,32
52101,52101,
52141,52141,20
52141,52141,8
52141,52141,
52201,52201,
52241,52241,
52281,52281,
52301,52301,
52401,52401,
52441,52441,
52541,52541,
52601,52601,
52681,52681,
52701,52701,
52701,52701,28
52741,52741,40
52741,52741,
52761,52761,6
52762,52762,6
52901,52901,1
53001,53001,11
53001,53001,9
53001,53001,
53101,53101,9
53121,53121,9
53121,53121,
53311,53311,9
53681,53681,9
53681,53681,
53831,53831,6
53831,53831,9
54001,54001,14
54182,54182,14
54201,54201,
54241,54241,
54301,54301,
54401,54401,11
54401,54401,
54481,54481,
54572,54572,
54601,54601,13
54601,54601,17
54661,54661,
54681,54681,
54701,54701,4
54761,54761,4
54771,54771,
54801,54801,4
54801,54801,17
54801,54801,
54881,54881,26
54881,54881,
54901,54901,16
54931,54931,16
54931,54931,
54969,54969,15
54969,54969,
54981,54981,15
55031,55031,5
55081,55081,5
55121,55121,5
55271,55271,5
55601,55601,41
55601,55601,
55601,55601,12
55641,55641,41
55651,55651,30
55651,55651,
55671,55671,
55701,55701,5
55701,55701,3
55711,55711,3
55762,55762,12
55762,55762,
55801,55801,
55851,55851,
55871,55871,
55901,55901,
55941,55941,
55981,55981,
56001,56001,
56031,56031,
56071,56071,
56101,56101,19
56101,56101,
56271,56271,
56271,56271,36
56301,56301,
56331,56331,2
56351,56351,2
56371,56371,27
56371,56371,
56401,56401,7
56571,56571,18
56571,56571,
56601,56601,23
56612,56612,21
56651,56651,
56681,56681,
56701,56701,
56741,56741,
56781,56781,
56861,56861,29
56861,56861,
56881,56881,
56901,56901,
56971,56971,
56992,56992,
57001,57001,10
57002,57002,10
57741,57741,10
58011,58011,6
58011,58011,
58111,58111,6
58111,58111,
58241,58241,6
58241,58241,
58361,58361,
58405,58405,
58421,58421,
58461,58461,
58482,58482,
58501,58501,17
58501,58501,
58541,58541,
58553,58553,
58572,58572,
58601,58601,10
58601,58601,
58747,58747,
58761,58761,
58784,58784,
58802,58802,
58821,58821,
58841,58841,27
58841,58841,
58882,58882,
58901,58901,
58922,58922,
58934,58934,16
58934,58934,
58971,58971,
58982,58982,
59001,59001,8
59001,59001,
59123,59123,
59141,59141,
59166,59166,
59181,59181,
59202,59202,
59232,59232,
59251,59251,18
59251,59251,
59282,59282,
59301,59301,
59301,59301,5
59441,59441,
59477,59477,
59501,59501,
59511,59511,23
59511,59511,
59555,59555,
59581,59581,
59691,59691,11
59691,59691,
59733,59733,
59751,59751,14
59751,59751,
59781,59781,
59801,59801,4
59801,59801,
59924,59924,
59941,59941,25
59941,59941,
59962,59962,
59982,59982,
60053,60053,9
60053,60053,
60253,60253,
60253,60253,13
60272,60272,
60381,60381,2
60381,60381,
60444,60444,
60463,60463,
60491,60491,
60502,60502,
60541,60541,
60572,60572,
60601,60601,
60601,60601,1
60841,60841,
60922,60922,
60951,60951,21
60951,60951,
60951,60951,22
60984,60984,
60991,60991,
60991,60991,22
61101,61101,3
61101,61101,
61251,61251,
61251,61251,15
61421,61421,24
61421,61421,
61476,61476,
61501,61501,
61501,61501,12
61601,61601,
61601,61601,7
61635,61635,
61651,61651,20
61651,61651,
61704,61704,
61715,61715,
61733,61733,
61761,61761,26
61761,61761,
61808,61808,
61831,61831,
61853,61853,
61941,61941,
61941,61941,19
62001,62001,2
62241,62241,2
62241,62241,
62511,62511,
62521,62521,
62541,62541,
62571,62571,10
62571,62571,
62581,62581,9
62581,62581,
62601,62601,
62611,62611,
62621,62621,
62641,62641,
62661,62661,5
62661,62661,
62702,62702,
62726,62726,
62731,62731,11
62731,62731,
62741,62741,1
62741,62741,
62761,62761,
62771,62771,
62771,62771,6
62781,62781,7
62781,62781,3
62791,62791,
62801,62801,
62821,62821,
62831,62831,
62848,62848,
62851,62851,
62891,62891,
62901,62901,4
62901,62901,
62911,62911,
62921,62921,
62931,62931,
62951,62951,
62971,62971,
62981,62981,8
62981,62981,
63001,63001,2
63001,63001,
63001,63001,7
63151,63151,14
63151,63151,
63201,63201,3
63201,63201,
63301,63301,1
63301,63301,
63431,63431,
63431,63431,4
63451,63451,
63451,63451,5
63551,63551,8
63551,63551,
63621,63621,
63621,63621,9
63632,63632,
63701,63701,6
63701,63701,
63701,63701,15
63716,63716,
63716,63716,13
63721,63721,16
63721,63721,
63731,63731,
63733,63733,
63733,63733,12
63741,63741,10
63741,63741,
63891,63891,
63891,63891,17
63901,63901,
63901,63901,18
63941,63941,
63941,63941,11
63961,63961,
64008,64008,7
64291,64291,7
64361,64361,7
64821,64821,7
64821,64821,4
65031,65031,
65031,65031,20
65151,65151,
65251,65251,8
65251,65251,
65551,65551,
65551,65551,12
65601,65601,
65751,65751,
66001,66001,21
66001,66001,
66066,66066,3
66066,66066,
66252,66252,2
66351,66351,10
66351,66351,
66451,66451,7
66451,66451,9
66491,66491,7
66491,66491,9
66551,66551,
66601,66601,
66601,66601,1
66801,66801,
67051,67051,
67121,67121,7
67121,67121,4
67181,67181,4
67251,67251,4
67251,67251,22
67321,67321,
67321,67321,17
67321,67321,18
67351,67351,
67481,67481,
67481,67481,15
67501,67501,
67501,67501,6
67701,67701,5
67701,67701,
67701,67701,13
67851,67851,
67901,67901,11
67901,67901,
68001,68001,
68005,68005,2
68005,68005,
68005,68005,58
68005,68005,59
68005,68005,57
68081,68081,
68091,68091,
68131,68131,
68202,68202,
68202,68202,11
68215,68215,
68215,68215,41
68221,68221,40
68221,68221,
68298,68298,
68301,68301,4
68301,68301,
68301,68301,12
68401,68401,7
68414,68414,
68414,68414,15
68414,68414,33
68414,68414,62
68431,68431,
68481,68481,47
68481,68481,
68507,68507,
68541,68541,
68541,68541,19
68608,68608,
68608,68608,21
68729,68729,18
68729,68729,
68802,68802,
69001,69001,6
69001,69001,
69251,69251,
69251,69251,42
69413,69413,
69511,69511,
69511,69511,34
69601,69601,
69601,69601,52
69701,69701,50
69701,69701,
69701,69701,51
69801,69801,
69801,69801,46
70001,70001,1
70001,70001,
70111,70111,49
70111,70111,
70151,70151,
70151,70151,26
70162,70162,
70176,70176,53
70176,70176,
70181,70181,32
70181,70181,
70191,70191,30
70191,70191,
70214,70214,
70285,70285,
70301,70301,
70301,70301,5
70316,70316,
70381,70381,
70381,70381,48
70401,70401,16
70401,70401,
70401,70401,37
70438,70438,17
70438,70438,
70501,70501,
70535,70535,
70535,70535,27
70601,70601,3
70601,70601,
70712,70712,
70761,70761,
70761,70761,55
70761,70761,54
70804,70804,
70804,70804,25
70901,70901,45
70901,70901,
70983,70983,
70983,70983,20
70986,70986,
70986,70986,13
71008,71008,
71008,71008,14
71102,71102,
71102,71102,38
71102,71102,29
71201,71201,
71201,71201,39
71311,71311,
71311,71311,24
71311,71311,56
71411,71411,
71411,71411,22
71501,71501,31
71501,71501,
71511,71511,
71511,71511,23
71601,71601,43
71601,71601,
71601,71601,35
71611,71611,
71611,71611,36
71701,71701,44
71701,71701,
71811,71811,
71811,71811,9
71832,71832,9
71832,71832,
71902,71902,
71981,71981,
71981,71981,8
71981,71981,28
72091,72091,3
72261,72261,3
72261,72261,
72431,72431,3
72471,72471,3
72471,72471,
72761,72761,
72761,72761,11
72761,72761,8
72761,72761,7
72981,72981,17
72981,72981,
73041,73041,
73081,73081,
73081,73081,15
73102,73102,
73171,73171,
73171,73171,9
73179,73179,
73291,73291,
73311,73311,
73311,73311,14
73561,73561,
73582,73582,
73682,73682,
73701,73701,
73781,73781,
73801,73801,6
73801,73801,
73901,73901,
74001,74001,4
74001,74001,
74101,74101,
74164,74164,
74231,74231,
74231,74231,1
74401,74401,
74401,74401,2
74583,74583,
74731,74731,
74791,74791,
74801,74801,
74901,74901,
74948,74948,
74948,74948,10
75001,75001,
75041,75041,
75111,75111,
75152,75152,
75161,75161,
75201,75201,12
75201,75201,
75481,75481,
75481,75481,13
75521,75521,
75521,75521,16
75682,75682,
75701,75701,
75701,75701,5
75911,75911,
76022,76022,1
76061,76061,
76132,76132,1
76132,76132,
76201,76201,1
76201,76201,
76222,76222,
76271,76271,
76301,76301,
76343,76343,
76451,76451,
76511,76511,
76601,76601,
76652,76652,
76701,76701,
76751,76751,
76811,76811,2
76811,76811,
76852,76852,
76901,76901,4
76901,76901,
76959,76959,
77001,77001,4
77001,77001,
77201,77201,
77201,77201,3
77301,77301,6
77301,77301,
77401,77401,7
77501,77501,
77501,77501,1
77581,77581,
77601,77601,2
77601,77601,
77711,77711,5
77711,77711,
77732,77732,
77761,77761,
77891,77891,
77931,77931,
77931,77931,8
77982,77982,
78001,78001,5
78001,78001,
78001,78001,6
78141,78141,5
78141,78141,
78211,78211,5
78211,78211,
78343,78343,5
78343,78343,
78343,78343,1
78343,78343,6
78422,78422,
78422,78422,1
78431,78431,6
78431,78431,
78482,78482,
78521,78521,
78521,78521,14
78541,78541,
78591,78591,
78591,78591,7
78621,78621,
78621,78621,8
78701,78701,3
78701,78701,
79001,79001,1
79001,79001,
79001,79001,12
79163,79163,2
79163,79163,
79201,79201,11
79201,79201,
79311,79311,20
79311,79311,
79321,79321,13
79321,79321,
79381,79381,
79381,79381,9
79402,79402,
79402,79402,10
79501,79501,16
79501,79501,
79561,79561,19
79561,79561,
79561,79561,15
79611,79611,
79611,79611,4
79611,79611,17
79741,79741,
79801,79801,
79862,79862,
79902,79902,
79961,79961,
79961,79961,18
80001,80001,2
80001,80001,
80011,80011,2
80011,80011,
80021,80021,2
80307,80307,2
80307,80307,
80321,80321,7
80321,80321,
80379,80379,24
80379,80379,
80401,80401,8
80401,80401,
80456,80456,
80701,80701,21
80701,80701,
80801,80801,14
80801,80801,
81001,81001,4
81001,81001,
81111,81111,
81125,81125,
81126,81126,
81145,81145,
81146,81146,
81201,81201,1
81201,81201,
81201,81201,16
81301,81301,
81313,81313,
81313,81313,9
81331,81331,
81331,81331,10
81342,81342,
81371,81371,23
81371,81371,
81402,81402,6
81402,81402,
81601,81601,
81601,81601,15
81701,81701,11
81701,81701,
81821,81821,
81911,81911,
81911,81911,13
81982,81982,
81982,81982,19
82001,82001,
82001,82001,5
82181,82181,5
82181,82181,
82181,82181,12
82401,82401,3
82401,82401,
82561,82561,
82602,82602,
82701,82701,17
82701,82701,
82801,82801,18
82801,82801,
82911,82911,
82911,82911,22
83101,83101,7
83101,83101,
83131,83131,7
83131,83131,
83181,83181,7
83191,83191,7
83191,83191,
83241,83241,7
83241,83241,
83291,83291,7
83291,83291,
83341,83341,
83345,83345,
83401,83401,1
83401,83401,
83551,83551,11
83551,83551,
83571,83571,13
83571,83571,
83601,83601,3
83601,83601,
84001,84001,10
84001,84001,
84121,84121,
84162,84162,14
84162,84162,
84181,84181,
84201,84201,2
84201,84201,
84331,84331,
84341,84341,
84461,84461,
84501,84501,
84531,84531,
84561,84561,
84604,84604,
84621,84621,12
84621,84621,
84642,84642,
84861,84861,
84881,84881,
84901,84901,
84921,84921,
84941,84941,
85001,85001,4
85001,85001,
85111,85111,4
85111,85111,
85201,85201,
85211,85211,
85282,85282,
85291,85291,
85301,85301,5
85301,85301,
85401,85401,6
85401,85401,
85504,85504,
85517,85517,
85601,85601,
85763,85763,
85801,85801,
85801,85801,9
85901,85901,
85901,85901,8
86012,86012,2
86012,86012,
86021,86021,2
86021,86021,
86031,86031,2
86031,86031,
86202,86202,5
86202,86202,
86301,86301,3
86301,86301,
86401,86401,13
86401,86401,
86419,86419,
86501,86501,
86501,86501,1
86604,86604,
86604,86604,10
86691,86691,
86691,86691,12
86705,86705,
86705,86705,7
86721,86721,
86751,86751,11
86751,86751,
86784,86784,
86804,86804,9
86804,86804,
86903,86903,8
86903,86903,
86939,86939,
86991,86991,
86991,86991,4
87001,87001,11
87001,87001,
87001,87001,13
87351,87351,5
87351,87351,
87501,87501,21
87501,87501,
87601,87601,9
87601,87601,
87671,87671,
87671,87671,18
87901,87901,19
87901,87901,
88002,88002,
88002,88002,6
88301,88301,17
88301,88301,
88371,88371,20
88371,88371,
88401,88401,14
88401,88401,
88441,88441,2
88441,88441,
88501,88501,7
88501,88501,
88901,88901,
88901,88901,8
89001,89001,10
89001,89001,
89401,89401,3
89601,89601,1
89601,89601,
89671,89671,
89711,89711,
89711,89711,12
89733,89733,15
89733,89733,
89754,89754,
89754,89754,16
89801,89801,
89801,89801,4
90001,90001,3
90001,90001,
90201,90201,5
90201,90201,
90252,90252,
90301,90301,1
90301,90301,
90451,90451,
90461,90461,
90501,90501,4
90501,90501,
90601,90601,
90671,90671,
90711,90711,
90741,90741,
90781,90781,
90792,90792,
90801,90801,6
90801,90801,
90901,90901,
90901,90901,2
91002,91002,10
91002,91002,
91242,91242,
91272,91272,72
91272,91272,
91301,91301,36
91301,91301,
91331,91331,
91371,91371,
91401,91401,
91442,91442,
91461,91461,
91483,91483,
91501,91501,4
91501,91501,
91616,91616,
91631,91631,
91641,91641,
91662,91662,
91671,91671,
91671,91671,44
91681,91681,
91681,91681,35
91705,91705,
91705,91705,17
91707,91707,17
92031,92031,
92031,92031,22
92121,92121,
92121,92121,24
92121,92121,26
92301,92301,
92301,92301,2
92511,92511,
92511,92511,61
92601,92601,43
92601,92601,
92682,92682,
92709,92709,
92731,92731,
92731,92731,70
92801,92801,
92801,92801,16
92931,92931,
92931,92931,55
92981,92981,
92981,92981,58
93261,93261,
93261,93261,49
93261,93261,14
93401,93401,
93401,93401,13
93555,93555,
93555,93555,25
93601,93601,71
93601,93601,
93601,93601,51
93651,93651,69
93651,93651,
93701,93701,
93701,93701,39
93801,93801,
93821,93821,
93911,93911,
93911,93911,59
93951,93951,
93961,93961,
93981,93981,
93991,93991,
93991,93991,23
93991,93991,67
93991,93991,21
94101,94101,
94101,94101,28
94141,94141,
94181,94181,
94241,94241,60
94241,94241,
94252,94252,
94272,94272,
94292,94292,17
94292,94292,
94292,94292,3
94301,94301,
94301,94301,12
94301,94301,29
94471,94471,
94471,94471,33
94501,94501,
94501,94501,7
94721,94721,46
94721,94721,
94731,94731,
94731,94731,30
94731,94731,57
94911,94911,
94911,94911,32
94931,94931,
94962,94962,56
94962,94962,
94963,94963,37
94963,94963,48
94963,94963,
94971,94971,
94971,94971,68
95001,95001,
95101,95101,18
95101,95101,
95221,95221,
95222,95222,
95241,95241,
95262,95262,
95271,95271,
95271,95271,34
95282,95282,54
95282,95282,
95301,95301,8
95301,95301,
95331,95331,20
95331,95331,
95401,95401,19
95401,95401,
95401,95401,52
95481,95481,
95581,95581,
95601,95601,38
95601,95601,
95641,95641,
95641,95641,31
95691,95691,
95691,95691,27
95701,95701,15
95701,95701,
95701,95701,66
95701,95701,45
95831,95831,42
95831,95831,
95841,95841,
95841,95841,50
95851,95851,40
95851,95851,
95981,95981,
96001,96001,1
96001,96001,
96121,96121,
96201,96201,
96201,96201,9
96351,96351,
96351,96351,53
96361,96361,
96371,96371,41
96371,96371,
96401,96401,
96401,96401,6
96601,96601,
96601,96601,5
96701,96701,
96701,96701,11
96951,96951,
96981,96981,
96981,96981,47
96997,96997,
97002,97002,1
97002,97002,
97101,97101,1
97101,97101,
97111,97111,1
97111,97111,
97141,97141,1
97161,97161,1
97161,97161,
97201,97201,1
97201,97201,
97212,97212,1
97221,97221,1
97221,97221,
97261,97261,1
97261,97261,
97323,97323,7
97323,97323,
97351,97351,
97371,97371,6
97371,97371,
97391,97391,
97431,97431,
97431,97431,4
97471,97471,
97541,97541,
97642,97642,
97701,97701,
97701,97701,2
97781,97781,
97781,97781,5
97801,97801,
97841,97841,
97861,97861,
97861,97861,3
97881,97881,
97931,97931,
97972,97972,
98001,98001,3
98001,98001,
98061,98061,3
98102,98102,
98201,98201,
98301,98301,
98301,98301,19
98352,98352,
98421,98421,
98421,98421,5
98431,98431,10
98501,98501,
98501,98501,12
98601,98601,
98601,98601,4
98711,98711,
98711,98711,6
98711,98711,7
98771,98771,14
98771,98771,
98831,98831,
98831,98831,18
98923,98923,
98923,98923,8
99001,99001,
99001,99001,1
99101,99101,16
99101,99101,
99131,99131,
99251,99251,
99251,99251,13
99261,99261,
99301,99301,2
99301,99301,
99401,99401,
99541,99541,
99541,99541,9
99601,99601,
99601,99601,17
99701,99701,
99751,99751,
99801,99801,
99901,99901,11
99901,99901,
99922,99922,
99961,99961,
99961,99961,15
